Position,Const,Created,Modified,Description,Title,Original Title,URL,Title Type,IMDb Rating,Runtime (mins),Year,Genres,Num Votes,Release Date,Directors
1,tt13668894,2022-02-09,2022-02-09,,"The Book of Boba Fett","The Book of Boba Fett",https://www.imdb.com/title/tt13668894/,TV Mini Series,7.2,47,2021,"Action, Adventure, Sci-Fi",188065,2021-12-29,
2,tt15723914,2022-02-09,2022-02-09,,"Catching Killers","Catching Killers",https://www.imdb.com/title/tt15723914/,TV Series,7.2,40,2021,"Documentary, Crime, Mystery",5512,2021-11-04,
3,tt1877830,2022-02-09,2022-02-09,,"The Batman","The Batman",https://www.imdb.com/title/tt1877830/,Movie,7.8,176,2022,"Action, Crime, Drama, Mystery, Thriller",794137,2022-03-04,"Matt Reeves"
4,tt7740496,2022-02-09,2022-02-09,,"Nightmare Alley","Nightmare Alley",https://www.imdb.com/title/tt7740496/,Movie,7.0,150,2021,"Crime, Drama, Thriller",166259,2021-12-17,"Guillermo del Toro"
5,tt9170108,2022-02-09,2022-02-09,,"Raised by Wolves","Raised by Wolves",https://www.imdb.com/title/tt9170108/,TV Series,7.4,55,2020,"Drama, Fantasy, Sci-Fi, Thriller",87105,2020-09-03,
6,tt0104029,2022-02-09,2022-02-09,,"Cronos","Cronos",https://www.imdb.com/title/tt0104029/,Movie,6.7,94,1992,"Drama, Fantasy, Horror, Thriller",33240,1994-05,"Guillermo del Toro"
7,tt13146488,2022-02-09,2022-02-09,,"Peacemaker","Peacemaker",https://www.imdb.com/title/tt13146488/,TV Series,8.3,40,2022,"Action, Adventure, Comedy, Crime, Fantasy, Sci-Fi",136172,2022-01-13,
8,tt11280740,2022-02-09,2022-02-09,,"Severance","Severance",https://www.imdb.com/title/tt11280740/,TV Series,8.7,50,2022,"Drama, Mystery, Sci-Fi, Thriller",206242,2022-02-18,
9,tt6156584,2022-02-09,2022-02-09,,"Snowpiercer","Snowpiercer",https://www.imdb.com/title/tt6156584/,TV Series,6.9,60,2020,"Action, Drama, Sci-Fi, Thriller",63043,2020-05-17,
10,tt6333060,2022-02-09,2022-02-09,,"Icarus","Icarus",https://www.imdb.com/title/tt6333060/,Movie,7.9,120,2017,"Documentary, Sport",54939,2017-08-04,"Bryan Fogel"
11,tt11127056,2022-02-09,2022-02-09,,"Fire in Paradise","Fire in Paradise",https://www.imdb.com/title/tt11127056/,Short,7.4,39,2019,"Documentary, Short",1371,2019-11-01,"Zackary Canepari, Drea Cooper"
12,tt2712612,2022-02-09,2022-02-09,,"Drunk History","Drunk History",https://www.imdb.com/title/tt2712612/,TV Series,7.8,22,2013,"Comedy, History",12750,2013-07-09,
13,tt9159144,2022-02-09,2022-02-09,,"Dark Side of the Ring","Dark Side of the Ring",https://www.imdb.com/title/tt9159144/,TV Series,8.7,60,2019,"Documentary, Drama, History, Sport",3942,2019-04-10,
14,tt10370750,2022-02-09,2022-02-09,,"Trafficked with Mariana Van Zeller","Trafficked with Mariana van Zeller",https://www.imdb.com/title/tt10370750/,TV Series,8.4,47,2020,"Documentary",1331,2020-12-02,
15,tt2198333,2022-02-09,2022-02-09,,"America's Book of Secrets","America's Book of Secrets",https://www.imdb.com/title/tt2198333/,TV Series,6.7,44,2012,"Documentary",969,2012-01-15,
16,tt4687880,2022-02-09,2022-02-09,,"Goliath","Goliath",https://www.imdb.com/title/tt4687880/,TV Series,8.1,60,2016,"Drama",54615,2016-10-14,
17,tt9032400,2022-02-09,2022-02-09,,"Eternals","Eternals",https://www.imdb.com/title/tt9032400/,Movie,6.3,156,2021,"Action, Adventure, Fantasy, Sci-Fi",388371,2021-11-05,"Chloé Zhao"
18,tt4270492,2022-02-09,2022-02-09,,"Billions","Billions",https://www.imdb.com/title/tt4270492/,TV Series,8.3,60,2016,"Drama",110071,2016-01-01,
19,tt2249007,2022-02-09,2022-02-09,,"Ray Donovan","Ray Donovan",https://www.imdb.com/title/tt2249007/,TV Series,8.3,60,2013,"Crime, Drama",93876,2013-06-18,
20,tt14124268,2022-02-09,2022-02-09,,"Ray Donovan: The Movie","Ray Donovan: The Movie",https://www.imdb.com/title/tt14124268/,TV Movie,6.8,100,2022,"Crime, Drama, Thriller",9465,2022-01-14,"David Hollander"
21,tt14164730,2022-02-09,2022-02-09,,"Dexter: New Blood","Dexter: New Blood",https://www.imdb.com/title/tt14164730/,TV Mini Series,8.1,53,2021,"Crime, Drama, Mystery",102267,2021-11-07,
22,tt0430308,2022-02-09,2022-02-09,,"Get Rich or Die Tryin'","Get Rich or Die Tryin'",https://www.imdb.com/title/tt0430308/,Movie,5.5,117,2005,"Biography, Crime, Drama, Music",50357,2005-11-09,"Jim Sheridan, Jim Sheridan"
23,tt0209239,2022-02-11,2022-02-11,,"Playboy: Babes of Baywatch","Playboy: Babes of Baywatch",https://www.imdb.com/title/tt0209239/,Video,6.5,60,1998,"Documentary",184,1998-05-05,"Lawrence Lanoff"
24,tt5834204,2022-02-15,2022-02-15,,"The Handmaid's Tale","The Handmaid's Tale",https://www.imdb.com/title/tt5834204/,TV Series,8.4,60,2017,"Drama, Sci-Fi, Thriller",259386,2017-04-26,
25,tt2741950,2022-02-15,2022-02-15,,"Enlisted","Enlisted",https://www.imdb.com/title/tt2741950/,TV Series,6.9,24,2014,"Comedy",6270,2014-01-10,
26,tt16113748,2022-02-15,2022-02-15,,"City of Angels, City of Death","City of Angels, City of Death",https://www.imdb.com/title/tt16113748/,TV Series,7.8,,2021,"Documentary, Crime",884,2021-11-24,
27,tt8772296,2022-02-15,2022-02-15,,"Euphoria","Euphoria",https://www.imdb.com/title/tt8772296/,TV Series,8.3,55,2019,"Drama",245672,2019-06-16,
28,tt5788792,2022-02-15,2022-02-15,,"The Marvelous Mrs. Maisel","The Marvelous Mrs. Maisel",https://www.imdb.com/title/tt5788792/,TV Series,8.7,60,2017,"Comedy, Drama",143798,2017-03-17,
29,tt14128670,2022-02-15,2022-02-15,,"Kimi","Kimi",https://www.imdb.com/title/tt14128670/,Movie,6.3,89,2022,"Crime, Drama, Mystery, Thriller",39101,2022-02-10,"Steven Soderbergh"
30,tt12074628,2022-02-15,2022-02-15,,"Smiling Friends","Smiling Friends",https://www.imdb.com/title/tt12074628/,TV Series,8.5,12,2020,"Animation, Short, Comedy",15406,2020-04-01,
31,tt0114814,2022-02-15,2022-02-15,,"The Usual Suspects","The Usual Suspects",https://www.imdb.com/title/tt0114814/,Movie,8.5,106,1995,"Crime, Drama, Mystery, Thriller",1149756,1995-08-16,"Bryan Singer"
32,tt11107858,2022-02-17,2022-02-17,,"The Righteous Gemstones: I Speak in the Tongues of Men and Angels","The Righteous Gemstones: I Speak in the Tongues of Men and Angels",https://www.imdb.com/title/tt11107858/,TV Episode,8.3,50,2022,"Comedy, Drama",1015,2022-01-09,"David Gordon Green"
33,tt3006802,2022-02-17,2022-02-17,,"Outlander","Outlander",https://www.imdb.com/title/tt3006802/,TV Series,8.4,60,2014,"Adventure, Drama, Fantasy, Romance",180278,2014-08-09,
34,tt6048596,2022-02-17,2022-02-17,,"The Sinner","The Sinner",https://www.imdb.com/title/tt6048596/,TV Series,7.9,45,2017,"Crime, Drama, Mystery, Thriller",139851,2017-08-02,
35,tt2802850,2022-02-17,2022-02-17,,"Fargo","Fargo",https://www.imdb.com/title/tt2802850/,TV Series,8.9,60,2014,"Crime, Drama, Thriller",424363,2014-04-15,
36,tt7660850,2022-02-17,2022-02-17,,"Succession","Succession",https://www.imdb.com/title/tt7660850/,TV Series,8.8,60,2018,"Comedy, Drama",277567,2018-06-03,
37,tt1864288,2022-02-18,2022-02-18,,"Conan O'Brien Can't Stop","Conan O'Brien Can't Stop",https://www.imdb.com/title/tt1864288/,Movie,7.0,89,2011,"Documentary, Comedy, Music",6869,2011-08-18,"Rodman Flender"
38,tt0453467,2022-02-18,2022-02-18,,"Deja Vu","Deja Vu",https://www.imdb.com/title/tt0453467/,Movie,7.1,126,2006,"Action, Crime, Sci-Fi, Thriller",328692,2006-11-22,"Tony Scott"
39,tt0372784,2022-02-21,2022-02-21,,"Batman Begins","Batman Begins",https://www.imdb.com/title/tt0372784/,Movie,8.2,140,2005,"Action, Crime, Drama",1585767,2005-06-15,"Christopher Nolan"
40,tt17070410,2022-02-28,2022-02-28,,"Jeen-yuhs: A Kanye Trilogy: Act II: Purpose","Jeen-yuhs: A Kanye Trilogy: Act II: Purpose",https://www.imdb.com/title/tt17070410/,TV Episode,8.6,93,2022,"Documentary, Music",1185,2022-02-23,"Coodie, Chike Ozah"
41,tt17070464,2022-02-28,2022-02-28,,"Jeen-yuhs: A Kanye Trilogy: Act: III: Awakening","Jeen-yuhs: A Kanye Trilogy: Act III: Awakening",https://www.imdb.com/title/tt17070464/,TV Episode,7.9,97,2022,"Documentary, Music",830,2022-03-02,"Coodie, Chike Ozah"
42,tt2235759,2022-02-28,2022-02-28,,"The Great","The Great",https://www.imdb.com/title/tt2235759/,TV Series,8.1,,2020,"Biography, Comedy, Drama, History",54877,2020-05-15,
43,tt2578560,2022-02-28,2022-02-28,,"Broad City","Broad City",https://www.imdb.com/title/tt2578560/,TV Series,8.4,22,2014,"Comedy",35958,2014-01-22,
44,tt11761194,2022-02-28,2022-02-28,,"Power Book IV: Force","Power Book IV: Force",https://www.imdb.com/title/tt11761194/,TV Series,8.1,60,2022,"Crime, Drama",9640,2022-02-06,
45,tt3281796,2022-02-28,2022-02-28,,"Power","Power",https://www.imdb.com/title/tt3281796/,TV Series,8.1,60,2014,"Crime, Drama",52699,2014-06-07,
46,tt1520211,2022-02-28,2022-02-28,,"The Walking Dead","The Walking Dead",https://www.imdb.com/title/tt1520211/,TV Series,8.1,45,2010,"Drama, Horror, Thriller",1088513,2010-10-31,
47,tt9170236,2022-02-28,2022-02-28,,"Pieces of Her","Pieces of Her",https://www.imdb.com/title/tt9170236/,TV Mini Series,6.3,52,2022,"Crime, Drama, Mystery, Thriller",32458,2022-03-04,
48,tt11313054,2022-02-28,2022-02-28,,"Kevin Hart: Don't F**k This Up","Kevin Hart: Don't F**k This Up",https://www.imdb.com/title/tt11313054/,TV Series,6.5,30,2019,"Documentary, Biography",2169,2019-12-27,
49,tt9789272,2022-02-28,2022-02-28,,"The 43","The 43",https://www.imdb.com/title/tt9789272/,TV Series,7.0,,2019,"Documentary",169,2019-02-14,
50,tt1414382,2022-02-28,2022-02-28,,"You Again","You Again",https://www.imdb.com/title/tt1414382/,Movie,5.7,105,2010,"Comedy, Romance",54608,2010-09-24,"Andy Fickman"
51,tt1250777,2022-02-28,2022-02-28,,"Kick-Ass","Kick-Ass",https://www.imdb.com/title/tt1250777/,Movie,7.6,117,2010,"Action, Comedy, Crime",595533,2010-04-16,"Matthew Vaughn"
52,tt1650554,2022-02-28,2022-02-28,,"Kick-Ass 2","Kick-Ass 2",https://www.imdb.com/title/tt1650554/,Movie,6.5,103,2013,"Action, Comedy, Crime, Drama, Thriller",289387,2013-08-16,"Jeff Wadlow"
53,tt17542306,2022-02-28,2022-02-28,,"Frederick Douglass: In Five Speeches","Frederick Douglass: In Five Speeches",https://www.imdb.com/title/tt17542306/,Movie,7.7,58,2022,"Documentary",319,2022-02-23,"Julia Marchesi"
54,tt0775543,2022-02-28,2022-02-28,,"Night Catches Us","Night Catches Us",https://www.imdb.com/title/tt0775543/,Movie,6.2,90,2010,"Drama, Romance",1842,2010-12-03,"Tanya Hamilton"
55,tt10329042,2022-02-28,2022-02-28,,"All Rise","All Rise",https://www.imdb.com/title/tt10329042/,TV Series,7.1,44,2019,"Drama",6233,2019-09-23,
56,tt8905948,2022-02-28,2022-02-28,,"David Makes Man","David Makes Man",https://www.imdb.com/title/tt8905948/,TV Series,7.5,43,2019,"Drama",658,2019-08-14,
57,tt4179452,2022-02-28,2022-02-28,,"The Last Kingdom","The Last Kingdom",https://www.imdb.com/title/tt4179452/,TV Series,8.5,60,2015,"Action, Drama, History",167201,2015-10-10,
58,tt2170593,2022-02-28,2022-02-28,,"St. Vincent","St. Vincent",https://www.imdb.com/title/tt2170593/,Movie,7.2,102,2014,"Comedy, Drama",108743,2014-10-24,"Theodore Melfi"
59,tt9359220,2022-02-28,2022-02-28,,"Young Wallander","Young Wallander",https://www.imdb.com/title/tt9359220/,TV Series,6.9,,2020,"Crime, Drama, Mystery, Thriller",13451,2020-09-03,
60,tt1037705,2022-02-28,2022-02-28,,"The Book of Eli","The Book of Eli",https://www.imdb.com/title/tt1037705/,Movie,6.8,118,2010,"Action, Adventure, Drama, Thriller",340683,2010-01-15,"Albert Hughes, Allen Hughes"
61,tt11994750,2022-02-28,2022-02-28,,"Made You Look: A True Story About Fake Art","Made You Look: A True Story About Fake Art",https://www.imdb.com/title/tt11994750/,Movie,7.0,94,2020,"Documentary, Crime",4900,2021-02-23,"Barry Avrich"
62,tt3673480,2022-03-01,2022-03-01,,"The Good Lord Bird","The Good Lord Bird",https://www.imdb.com/title/tt3673480/,TV Mini Series,7.6,48,2020,"Comedy, Drama, War, Western",7452,2020-10-04,
63,tt6704972,2022-03-01,2022-03-01,,"The Underground Railroad","The Underground Railroad",https://www.imdb.com/title/tt6704972/,TV Mini Series,7.4,59,2021,"Drama, Fantasy, History, War",8521,2021-05-14,
64,tt13651632,2022-03-01,2022-03-01,,"Night Stalker: The Hunt for a Serial Killer","Night Stalker: The Hunt for a Serial Killer",https://www.imdb.com/title/tt13651632/,TV Mini Series,7.5,47,2021,"Documentary, Crime, Mystery",30571,2021-01-13,
65,tt7945720,2022-03-01,2022-03-01,,"Dirty John","Dirty John",https://www.imdb.com/title/tt7945720/,TV Series,7.3,44,2018,"Crime, Drama",24516,2018-11-25,
66,tt5290382,2022-03-01,2022-03-01,,"Mindhunter","Mindhunter",https://www.imdb.com/title/tt5290382/,TV Series,8.6,60,2017,"Crime, Drama, Mystery, Thriller",339543,2017-10-13,
67,tt7826376,2022-03-02,2022-03-02,,"Upload","Upload",https://www.imdb.com/title/tt7826376/,TV Series,7.8,30,2020,"Comedy, Mystery, Sci-Fi",80764,2020-05-01,
68,tt8806524,2022-03-02,2022-03-02,,"Star Trek: Picard","Star Trek: Picard",https://www.imdb.com/title/tt8806524/,TV Series,7.5,46,2020,"Action, Adventure, Drama, Sci-Fi",95254,2020-01-23,
69,tt4288182,2022-03-02,2022-03-02,,"Atlanta","Atlanta",https://www.imdb.com/title/tt4288182/,TV Series,8.6,30,2016,"Comedy, Drama, Music",88833,2016-09-06,
70,tt4574334,2022-03-02,2022-03-02,,"Stranger Things","Stranger Things",https://www.imdb.com/title/tt4574334/,TV Series,8.7,60,2016,"Drama, Fantasy, Horror, Mystery, Sci-Fi, Thriller",1348065,2016-07-15,
71,tt0111161,2022-03-02,2022-03-02,,"The Shawshank Redemption","The Shawshank Redemption",https://www.imdb.com/title/tt0111161/,Movie,9.3,142,1994,"Drama",2904222,1994-10-14,"Frank Darabont"
72,tt4181172,2022-03-02,2022-03-02,,"Shooter","Shooter",https://www.imdb.com/title/tt4181172/,TV Series,7.5,60,2016,"Action, Drama",42347,2016-11-15,
73,tt1830379,2022-03-02,2022-03-02,,"Top Boy","Top Boy",https://www.imdb.com/title/tt1830379/,TV Series,8.4,60,2011,"Crime, Drama, Thriller",40345,2011-10-31,
74,tt0388835,2022-03-03,2022-03-03,,"Chisholm '72: Unbought & Unbossed","Chisholm '72: Unbought & Unbossed",https://www.imdb.com/title/tt0388835/,Movie,7.3,76,2004,"Documentary",325,2004-01-18,"Shola Lynch"
75,tt1216487,2022-03-03,2022-03-03,,"The Girl Who Played with Fire","Flickan som lekte med elden",https://www.imdb.com/title/tt1216487/,Movie,7.1,129,2009,"Action, Crime, Drama, Mystery, Thriller",98646,2010-08-27,"Daniel Alfredson"
76,tt18082212,2022-03-07,2022-03-07,,"The Andy Warhol Diaries","The Andy Warhol Diaries",https://www.imdb.com/title/tt18082212/,TV Mini Series,7.7,66,2022,"Documentary, Biography",2726,2022-03-09,
77,tt11092142,2022-03-07,2022-03-07,,"Human Resources","Human Resources",https://www.imdb.com/title/tt11092142/,TV Series,7.1,30,2022,"Animation, Comedy, Romance",10624,2022-03-18,
78,tt12971802,2022-03-07,2022-03-07,,"Lucy and Desi","Lucy and Desi",https://www.imdb.com/title/tt12971802/,Movie,7.7,103,2022,"Documentary, Biography, Comedy, Drama, History",3044,2022-03-04,"Amy Poehler"
79,tt3108894,2022-03-07,2022-03-07,,"The Tender Bar","The Tender Bar",https://www.imdb.com/title/tt3108894/,Movie,6.7,106,2021,"Biography, Drama",34079,2022-01-07,"George Clooney"
80,tt1706593,2022-03-07,2022-03-07,,"Chronicle","Chronicle",https://www.imdb.com/title/tt1706593/,Movie,7.0,84,2012,"Action, Drama, Sci-Fi, Thriller",265393,2012-02-03,"Josh Trank"
81,tt12789558,2022-03-07,2022-03-07,,"Belfast","Belfast",https://www.imdb.com/title/tt12789558/,Movie,7.2,98,2021,"Biography, Drama, Romance",93278,2021-11-12,"Kenneth Branagh"
82,tt2180339,2022-03-08,2022-03-08,,"Deep Water","Deep Water",https://www.imdb.com/title/tt2180339/,Movie,5.5,115,2022,"Crime, Drama, Mystery, Thriller",58251,2022-03-18,"Adrian Lyne"
83,tt7569576,2022-03-09,2022-03-09,,"The Flight Attendant","The Flight Attendant",https://www.imdb.com/title/tt7569576/,TV Series,7.1,,2020,"Comedy, Drama, Mystery, Thriller",63022,2020-11-18,
84,tt10731032,2022-03-09,2022-03-09,,"Life & Beth","Life & Beth",https://www.imdb.com/title/tt10731032/,TV Series,6.7,30,2022,"Comedy, Drama",9602,2022-03-18,
85,tt8962130,2022-03-09,2022-03-09,,"Shrill","Shrill",https://www.imdb.com/title/tt8962130/,TV Series,7.4,30,2019,"Comedy, Drama",9386,2019-03-15,
86,tt8324422,2022-03-09,2022-03-09,,"PEN15","PEN15",https://www.imdb.com/title/tt8324422/,TV Series,8.1,30,2019,"Comedy",14330,2019-02-08,
87,tt11738792,2022-03-09,2022-03-09,,"Taylor Tomlinson: Quarter-Life Crisis","Taylor Tomlinson: Quarter-Life Crisis",https://www.imdb.com/title/tt11738792/,TV Special,7.4,61,2020,"Comedy",5328,2020-03-03,"Marcus Raboy"
88,tt13885280,2022-03-10,2022-03-10,,"Dark Side of the '90s","Dark Side of the '90s",https://www.imdb.com/title/tt13885280/,TV Series,7.3,,2021,"Documentary, Biography, History",795,2021-07-22,
89,tt8026448,2022-03-11,2022-03-11,,"Tacoma FD","Tacoma FD",https://www.imdb.com/title/tt8026448/,TV Series,8.1,30,2019,"Comedy",9787,2019-03-28,
90,tt3032476,2022-03-11,2022-03-11,,"Better Call Saul","Better Call Saul",https://www.imdb.com/title/tt3032476/,TV Series,9.0,45,2015,"Crime, Drama",654886,2015-02-08,
91,tt8936646,2022-03-19,2022-03-19,,"Extraction","Extraction",https://www.imdb.com/title/tt8936646/,Movie,6.8,116,2020,"Action, Thriller",265027,2020-04-24,"Sam Hargrave"
92,tt8688634,2022-03-19,2022-03-19,,"21 Bridges","21 Bridges",https://www.imdb.com/title/tt8688634/,Movie,6.6,99,2019,"Action, Adventure, Crime, Drama, Mystery, Thriller",74929,2019-11-22,"Brian Kirk"
93,tt4532368,2022-03-19,2022-03-19,,"DC's Legends of Tomorrow","Legends of Tomorrow",https://www.imdb.com/title/tt4532368/,TV Series,6.8,42,2016,"Action, Adventure, Drama, Sci-Fi",110289,2016-01-21,
94,tt11777738,2022-03-19,2022-03-19,,"A Hero","Ghahreman",https://www.imdb.com/title/tt11777738/,Movie,7.5,127,2021,"Drama",29744,2022-01-21,"Asghar Farhadi"
95,tt5057054,2022-03-19,2022-03-19,,"Tom Clancy's Jack Ryan","Jack Ryan",https://www.imdb.com/title/tt5057054/,TV Series,8.0,60,2018,"Action, Drama, Thriller",176677,2018-08-31,
96,tt5875444,2022-03-22,2022-03-22,,"Slow Horses","Slow Horses",https://www.imdb.com/title/tt5875444/,TV Series,8.1,,2022,"Drama, Thriller",73108,2022-04-01,
97,tt0072890,2022-03-23,2022-03-23,,"Dog Day Afternoon","Dog Day Afternoon",https://www.imdb.com/title/tt0072890/,Movie,8.0,125,1975,"Biography, Crime, Drama, Thriller",274065,1975-12-25,"Sidney Lumet"
98,tt2442560,2022-03-25,2022-03-25,,"Peaky Blinders","Peaky Blinders",https://www.imdb.com/title/tt2442560/,TV Series,8.8,60,2013,"Crime, Drama",656624,2014-09-30,
99,tt1515091,2022-03-25,2022-03-25,,"Sherlock Holmes: A Game of Shadows","Sherlock Holmes: A Game of Shadows",https://www.imdb.com/title/tt1515091/,Movie,7.4,129,2011,"Action, Adventure, Mystery",482120,2011-12-16,"Guy Ritchie"
100,tt18393972,2022-03-25,2022-03-25,,"Trivia Quest","Trivia Quest",https://www.imdb.com/title/tt18393972/,TV Series,5.8,9,2022,"Animation, Short, Adventure, Family, Fantasy",270,2022-04-01,
101,tt15479902,2022-03-25,2022-03-25,,"Trust No One: The Hunt for the Crypto King","Trust No One: The Hunt for the Crypto King",https://www.imdb.com/title/tt15479902/,Movie,6.3,90,2022,"Documentary, Crime",6120,2022-03-30,"Luke Sewell"
102,tt1302006,2022-03-25,2022-03-25,,"The Irishman","The Irishman",https://www.imdb.com/title/tt1302006/,Movie,7.8,209,2019,"Biography, Crime, Drama",433443,2019-11-27,"Martin Scorsese"
103,tt0099685,2022-03-25,2022-03-25,,"Goodfellas","Goodfellas",https://www.imdb.com/title/tt0099685/,Movie,8.7,145,1990,"Biography, Crime, Drama",1263902,1990-09-21,"Martin Scorsese"
104,tt0119214,2022-03-25,2022-03-25,,"Gone Fishin'","Gone Fishin'",https://www.imdb.com/title/tt0119214/,Movie,4.8,94,1997,"Comedy, Crime",10628,1997-05-30,"Christopher Cain"
105,tt0081398,2022-03-25,2022-03-25,,"Raging Bull","Raging Bull",https://www.imdb.com/title/tt0081398/,Movie,8.1,129,1980,"Biography, Drama, Sport",381775,1980-12-19,"Martin Scorsese"
106,tt0085470,2022-03-25,2022-03-25,,"Easy Money","Easy Money",https://www.imdb.com/title/tt0085470/,Movie,6.2,95,1983,"Comedy",10209,1983-08-19,"James Signorelli"
107,tt0106489,2022-03-25,2022-03-25,,"A Bronx Tale","A Bronx Tale",https://www.imdb.com/title/tt0106489/,Movie,7.8,121,1993,"Crime, Drama",162557,1993-10-01,"Robert De Niro"
108,tt1392214,2022-03-25,2022-03-25,,"Prisoners","Prisoners",https://www.imdb.com/title/tt1392214/,Movie,8.2,153,2013,"Crime, Drama, Mystery, Thriller",815300,2013-09-20,"Denis Villeneuve"
109,tt0246578,2022-03-25,2022-03-25,,"Donnie Darko","Donnie Darko",https://www.imdb.com/title/tt0246578/,Movie,8.0,113,2001,"Drama, Mystery, Sci-Fi, Thriller",853493,2001-01-19,"Richard Kelly"
110,tt2316411,2022-03-25,2022-03-25,,"Enemy","Enemy",https://www.imdb.com/title/tt2316411/,Movie,6.9,91,2013,"Drama, Mystery, Thriller",216488,2014-02-06,"Denis Villeneuve"
111,tt0132477,2022-03-25,2022-03-25,,"October Sky","October Sky",https://www.imdb.com/title/tt0132477/,Movie,7.8,108,1999,"Biography, Drama, Family",98439,1999-02-19,"Joe Johnston"
112,tt4975722,2022-03-27,2022-03-27,,"Moonlight","Moonlight",https://www.imdb.com/title/tt4975722/,Movie,7.4,111,2016,"Drama",333169,2016-11-18,"Barry Jenkins"
113,tt1093908,2022-03-27,2022-03-27,,"Confessions of a Shopaholic","Confessions of a Shopaholic",https://www.imdb.com/title/tt1093908/,Movie,5.8,104,2009,"Comedy, Romance",83364,2009-02-13,"P.J. Hogan"
114,tt14369952,2022-03-28,2022-03-28,,"Porn and Ice Cream","Porno y Helado",https://www.imdb.com/title/tt14369952/,TV Series,7.6,30,2022,"Comedy, Music",956,2022-03-11,
115,tt0253556,2022-03-28,2022-03-28,,"Reign of Fire","Reign of Fire",https://www.imdb.com/title/tt0253556/,Movie,6.2,101,2002,"Action, Adventure, Fantasy, Thriller",145914,2002-07-12,"Rob Bowman"
116,tt2306299,2022-03-30,2022-03-30,,"Vikings","Vikings",https://www.imdb.com/title/tt2306299/,TV Series,8.5,45,2013,"Action, Adventure, Drama, History, Romance, War",586895,2013-03-03,
117,tt12851512,2022-03-30,2022-03-30,,"The Girl from Plainville","The Girl from Plainville",https://www.imdb.com/title/tt12851512/,TV Mini Series,6.4,45,2022,"Biography, Crime, Drama, Mystery",8317,2022-03-29,
118,tt3164256,2022-03-30,2022-03-30,,"Rock the Kasbah","Rock the Kasbah",https://www.imdb.com/title/tt3164256/,Movie,5.5,106,2015,"Comedy, Music, War",12771,2015-10-23,"Barry Levinson"
119,tt0082776,2022-03-31,2022-03-31,,"Ms .45","Ms .45",https://www.imdb.com/title/tt0082776/,Movie,6.8,80,1981,"Crime, Drama, Thriller",12662,1981-04-24,"Abel Ferrara"
120,tt8697870,2022-03-31,2022-03-31,,"The Nevers","The Nevers",https://www.imdb.com/title/tt8697870/,TV Series,7.4,58,2021,"Action, Drama, Fantasy, Sci-Fi, Thriller",27870,2021-04-11,
121,tt6439752,2022-03-31,2022-03-31,,"Snowfall","Snowfall",https://www.imdb.com/title/tt6439752/,TV Series,8.4,44,2017,"Crime, Drama",31162,2017-07-05,
122,tt18274172,2022-03-31,2022-03-31,,"The Great Robbery of Brazil's Central Bank","Hei$t: The Great Robbery of Brazil's Central Bank",https://www.imdb.com/title/tt18274172/,TV Series,6.4,60,2022,"Documentary, Crime",734,2022-03-16,
123,tt11947418,2022-03-31,2022-03-31,,"Minx","Minx",https://www.imdb.com/title/tt11947418/,TV Series,7.6,30,2022,"Comedy",12426,2022-03-17,
124,tt4244994,2022-03-31,2022-03-31,,"The Last Duel","The Last Duel",https://www.imdb.com/title/tt4244994/,Movie,7.4,152,2021,"Action, Drama, History, Thriller",183610,2021-10-15,"Ridley Scott"
125,tt17036612,2022-03-31,2022-03-31,,"Phoenix Rising","Phoenix Rising",https://www.imdb.com/title/tt17036612/,TV Mini Series,7.2,78,2022,"Documentary, Crime",3781,2022-03-15,
126,tt11646832,2022-04-04,2022-04-04,,"The Outlaws","The Outlaws",https://www.imdb.com/title/tt11646832/,TV Series,7.7,58,2021,"Comedy, Crime, Drama, Thriller",16259,2022-03-18,
127,tt0113277,2022-04-06,2022-04-06,,"Heat","Heat",https://www.imdb.com/title/tt0113277/,Movie,8.3,170,1995,"Action, Crime, Drama",723132,1995-12-15,"Michael Mann"
128,tt0117500,2022-04-06,2022-04-06,,"The Rock","The Rock",https://www.imdb.com/title/tt0117500/,Movie,7.4,136,1996,"Action, Adventure, Thriller",359480,1996-06-07,"Michael Bay"
129,tt1855199,2022-04-06,2022-04-06,,"End of Watch","End of Watch",https://www.imdb.com/title/tt1855199/,Movie,7.6,109,2012,"Action, Crime, Drama, Thriller",270307,2012-09-21,"David Ayer"
130,tt6491178,2022-04-06,2022-04-06,,"Dragged Across Concrete","Dragged Across Concrete",https://www.imdb.com/title/tt6491178/,Movie,6.9,159,2018,"Action, Crime, Drama, Thriller",55555,2019-03-22,"S. Craig Zahler"
131,tt4647692,2022-04-07,2022-04-07,,"Letterkenny","Letterkenny",https://www.imdb.com/title/tt4647692/,TV Series,8.6,30,2016,"Comedy",29802,2016-02-07,
132,tt7520794,2022-04-07,2022-04-07,,"Russian Doll","Russian Doll",https://www.imdb.com/title/tt7520794/,TV Series,7.7,30,2019,"Comedy, Drama, Mystery",107808,2019-02-01,
133,tt9698520,2022-04-09,2022-04-09,,"A Black Lady Sketch Show","A Black Lady Sketch Show",https://www.imdb.com/title/tt9698520/,TV Series,7.5,30,2019,"Comedy",3854,2019-08-02,
134,tt3706352,2022-04-09,2022-04-09,,"All the Old Knives","All the Old Knives",https://www.imdb.com/title/tt3706352/,Movie,6.1,101,2022,"Mystery, Thriller",28803,2022-04-08,"Janus Metz"
135,tt15791630,2022-04-12,2022-04-12,,"The Kardashians","The Kardashians",https://www.imdb.com/title/tt15791630/,TV Series,4.5,50,2022,"Reality-TV",4949,2022-04-14,
136,tt18970124,2022-04-12,2022-04-12,,"Conversations with a Killer: The John Wayne Gacy Tapes","Conversations with a Killer: The John Wayne Gacy Tapes",https://www.imdb.com/title/tt18970124/,TV Mini Series,7.1,61,2022,"Documentary, Biography, Crime",13036,2022-04-20,
137,tt9425132,2022-04-12,2022-04-12,,"Conversations with a Killer: The Ted Bundy Tapes","Conversations with a Killer: The Ted Bundy Tapes",https://www.imdb.com/title/tt9425132/,TV Mini Series,7.7,59,2019,"Documentary, Biography, Crime, History",33046,2019-01-24,
138,tt14677850,2022-04-12,2022-04-12,,"Penguin Town","Penguin Town",https://www.imdb.com/title/tt14677850/,TV Series,7.9,,2021,"Documentary, Short, Comedy, Drama, Family",1041,2021-06-16,
139,tt4786824,2022-04-17,2022-04-17,,"The Crown","The Crown",https://www.imdb.com/title/tt4786824/,TV Series,8.6,60,2016,"Biography, Drama, History",258344,2016-11-04,
140,tt9242528,2022-04-19,2022-04-19,,"The Survivor","The Survivor",https://www.imdb.com/title/tt9242528/,Movie,6.7,129,2021,"Biography, Drama, History, Sport, War",6272,2022-04-27,"Barry Levinson"
141,tt11324406,2022-04-19,2022-04-19,,"The Staircase","The Staircase",https://www.imdb.com/title/tt11324406/,TV Mini Series,7.1,65,2022,"Biography, Crime, Drama, Mystery, Thriller",34271,2022-05-05,
142,tt8783930,2022-04-19,2022-04-19,,"The Time Traveler's Wife","The Time Traveler's Wife",https://www.imdb.com/title/tt8783930/,TV Series,7.7,45,2022,"Drama, Sci-Fi",17802,2022-05-15,
143,tt11525644,2022-04-19,2022-04-19,,"No Sudden Move","No Sudden Move",https://www.imdb.com/title/tt11525644/,Movie,6.4,115,2021,"Crime, Drama, Mystery, Thriller",41290,2021-07-01,"Steven Soderbergh"
144,tt10808832,2022-04-19,2022-04-19,,"Let Them All Talk","Let Them All Talk",https://www.imdb.com/title/tt10808832/,Movie,6.1,113,2020,"Comedy, Drama",13072,2020-12-10,"Steven Soderbergh"
145,tt7808566,2022-04-19,2022-04-19,,"Made for Love","Made for Love",https://www.imdb.com/title/tt7808566/,TV Series,6.9,30,2021,"Comedy, Drama, Sci-Fi, Thriller",12577,2021-04-01,
146,tt11685912,2022-04-19,2022-04-19,,"Outer Range","Outer Range",https://www.imdb.com/title/tt11685912/,TV Series,7.1,60,2022,"Drama, Mystery, Thriller",38835,2022-04-15,
147,tt0070290,2022-04-19,2022-04-19,,"The Last Detail","The Last Detail",https://www.imdb.com/title/tt0070290/,Movie,7.5,104,1973,"Comedy, Drama",28229,1974-02-15,"Hal Ashby"
148,tt3743822,2022-04-20,2022-04-20,,"Fear the Walking Dead","Fear the Walking Dead",https://www.imdb.com/title/tt3743822/,TV Series,6.8,44,2015,"Drama, Horror, Sci-Fi, Thriller",145162,2015-08-23,
149,tt15096128,2022-04-20,2022-04-20,,"Crush","Crush",https://www.imdb.com/title/tt15096128/,Movie,6.3,93,2022,"Comedy, Romance",9840,2022-04-29,"Sammi Cohen"
150,tt8633062,2022-04-28,2022-04-28,,"The Wilds","The Wilds",https://www.imdb.com/title/tt8633062/,TV Series,7.3,60,2020,"Adventure, Drama, Mystery",25320,2020-12-11,
151,tt5691552,2022-04-28,2022-04-28,,"The Orville","The Orville",https://www.imdb.com/title/tt5691552/,TV Series,8.0,44,2017,"Adventure, Comedy, Drama, Sci-Fi",100387,2017-09-10,
152,tt1190634,2022-04-28,2022-04-28,,"The Boys","The Boys",https://www.imdb.com/title/tt1190634/,TV Series,8.7,60,2019,"Action, Comedy, Crime, Drama, Sci-Fi",663412,2019-07-26,
153,tt1312171,2022-04-28,2022-04-28,,"The Umbrella Academy","The Umbrella Academy",https://www.imdb.com/title/tt1312171/,TV Series,7.9,60,2019,"Action, Adventure, Comedy, Drama, Fantasy, Sci-Fi",277331,2019-02-15,
154,tt8111088,2022-04-28,2022-04-28,,"The Mandalorian","The Mandalorian",https://www.imdb.com/title/tt8111088/,TV Series,8.6,40,2019,"Action, Adventure, Fantasy, Sci-Fi",591601,2019-11-12,
155,tt2861424,2022-04-28,2022-04-28,,"Rick and Morty","Rick and Morty",https://www.imdb.com/title/tt2861424/,TV Series,9.1,23,2013,"Animation, Adventure, Comedy, Sci-Fi",606827,2013-12-02,
156,tt1844624,2022-04-28,2022-04-28,,"American Horror Story","American Horror Story",https://www.imdb.com/title/tt1844624/,TV Series,8.0,60,2011,"Drama, Horror, Sci-Fi, Thriller",345610,2011-10-05,
157,tt0063374,2022-04-28,2022-04-28,,"The Odd Couple","The Odd Couple",https://www.imdb.com/title/tt0063374/,Movie,7.6,105,1968,"Comedy",37574,1968-05-16,"Gene Saks"
158,tt0074901,2022-04-28,2022-04-28,,"Mikey and Nicky","Mikey and Nicky",https://www.imdb.com/title/tt0074901/,Movie,7.3,106,1976,"Crime, Drama",7337,1976-12-21,"Elaine May"
159,tt0083511,2022-04-28,2022-04-28,,"48 Hrs.","48 Hrs.",https://www.imdb.com/title/tt0083511/,Movie,6.9,96,1982,"Action, Comedy, Crime, Drama, Thriller",85742,1982-12-08,"Walter Hill"
160,tt0064665,2022-04-28,2022-04-28,,"Midnight Cowboy","Midnight Cowboy",https://www.imdb.com/title/tt0064665/,Movie,7.8,113,1969,"Drama",121459,1969-05-25,"John Schlesinger"
161,tt0071230,2022-04-28,2022-04-28,,"Blazing Saddles","Blazing Saddles",https://www.imdb.com/title/tt0071230/,Movie,7.7,93,1974,"Comedy, Western",153184,1974-02-07,"Mel Brooks"
162,tt13263106,2022-04-28,2022-04-28,,"Murder on Middle Beach","Murder on Middle Beach",https://www.imdb.com/title/tt13263106/,TV Mini Series,7.4,66,2020,"Documentary, Crime, Mystery",4586,2020-11-15,
163,tt9614090,2022-04-28,2022-04-28,,"I Love You, Now Die: The Commonwealth v. Michelle Carter","I Love You, Now Die: The Commonwealth v. Michelle Carter",https://www.imdb.com/title/tt9614090/,TV Mini Series,7.5,72,2019,"Documentary, Crime",7917,2019-07-09,
164,tt8425310,2022-04-28,2022-04-28,,"The Case Against Adnan Syed","The Case Against Adnan Syed",https://www.imdb.com/title/tt8425310/,TV Mini Series,6.7,67,2019,"Documentary, Crime",2786,2019-03-10,
165,tt2492296,2022-04-28,2022-04-28,,"Show Me a Hero","Show Me a Hero",https://www.imdb.com/title/tt2492296/,TV Mini Series,7.9,60,2015,"Drama, History",12081,2015-08-16,
166,tt9308346,2022-04-28,2022-04-28,,"The Plot Against America","The Plot Against America",https://www.imdb.com/title/tt9308346/,TV Mini Series,7.3,62,2020,"Drama, Thriller",11303,2020-03-16,
167,tt15286764,2022-04-28,2022-04-28,,"The Way Down","The Way Down: God, Greed and the Cult of Gwen Shamblin",https://www.imdb.com/title/tt15286764/,TV Mini Series,7.0,44,2021,"Documentary, Crime",3468,2021-09-30,
168,tt12879632,2022-04-28,2022-04-28,,"The Baby","The Baby",https://www.imdb.com/title/tt12879632/,TV Series,6.3,,2022,"Comedy, Horror, Mystery",3752,2022-04-24,
169,tt13316746,2022-04-28,2022-04-28,,"Aunty Donna's Big Ol' House of Fun","Aunty Donna's Big Ol' House of Fun",https://www.imdb.com/title/tt13316746/,TV Series,7.9,20,2020,"Comedy",7202,2020-11-11,
170,tt7214762,2022-04-28,2022-04-28,,"Jim & Andy: The Great Beyond","Jim & Andy: The Great Beyond - Featuring a Very Special, Contractually Obligated Mention of Tony Clifton",https://www.imdb.com/title/tt7214762/,Movie,7.6,94,2017,"Documentary",28060,2017-11-17,"Chris Smith"
171,tt3526078,2022-04-28,2022-04-28,,"Schitt's Creek","Schitt$ Creek",https://www.imdb.com/title/tt3526078/,TV Series,8.5,22,2015,"Comedy",147635,2015-02-11,
172,tt15166116,2022-04-28,2022-04-28,,"Countdown: Inspiration4 Mission to Space","Countdown: Inspiration4 Mission to Space",https://www.imdb.com/title/tt15166116/,TV Mini Series,7.8,49,2021,"Documentary, Adventure",2098,2021-09-06,
173,tt15185666,2022-04-28,2022-04-28,,"Captive Audience","Captive Audience",https://www.imdb.com/title/tt15185666/,TV Mini Series,6.8,46,2022,"Documentary, Biography, Crime, Mystery",2571,2022-04-21,
174,tt15489004,2022-04-28,2022-04-28,,"Wild Crime","Wild Crime",https://www.imdb.com/title/tt15489004/,TV Series,7.3,,2021,"Documentary, Crime, Mystery",1172,2021-09-28,
175,tt9358228,2022-04-28,2022-04-28,,"Untouchable","Untouchable",https://www.imdb.com/title/tt9358228/,Movie,6.7,98,2019,"Documentary, Biography, Crime",3210,2019-09-02,"Ursula Macfarlane"
176,tt2222042,2022-04-28,2022-04-28,,"Love and Monsters","Love and Monsters",https://www.imdb.com/title/tt2222042/,Movie,6.9,109,2020,"Action, Adventure, Comedy, Fantasy, Sci-Fi",146305,2020-10-16,"Michael Matthews"
177,tt8694364,2022-04-29,2022-04-29,,"Years and Years","Years and Years",https://www.imdb.com/title/tt8694364/,TV Mini Series,8.3,60,2019,"Drama, Sci-Fi",33334,2019-06-24,
178,tt10203880,2022-05-05,2022-05-05,,"The Pentaverate","The Pentaverate",https://www.imdb.com/title/tt10203880/,TV Mini Series,6.1,27,2022,"Comedy",11755,2022-05-05,
179,tt19757508,2022-05-05,2022-05-05,,"Meltdown: Three Mile Island","Meltdown: Three Mile Island",https://www.imdb.com/title/tt19757508/,TV Mini Series,6.8,43,2022,"Documentary, History",5457,2022-05-04,
180,tt11815682,2022-05-05,2022-05-05,,"Hacks","Hacks",https://www.imdb.com/title/tt11815682/,TV Series,8.2,30,2021,"Comedy, Drama",41394,2021-05-13,
181,tt11898670,2022-05-05,2022-05-05,,"Yvonne Orji: Momma, I Made It","Yvonne Orji: Momma, I Made It",https://www.imdb.com/title/tt11898670/,TV Special,7.0,62,2020,"Documentary, Comedy",372,2020-06-06,"Chris Robinson"
182,tt12736220,2022-05-05,2022-05-05,,"Chelsea Handler: Evolution","Chelsea Handler: Evolution",https://www.imdb.com/title/tt12736220/,TV Special,5.9,68,2020,"Documentary, Comedy",608,2020-10-22,"Troy Miller"
183,tt0434672,2022-05-05,2022-05-05,,"The Comeback","The Comeback",https://www.imdb.com/title/tt0434672/,TV Series,8.0,30,2005,"Comedy",7858,2005-06-05,
184,tt2701582,2022-05-06,2022-05-06,,"Endeavour","Endeavour",https://www.imdb.com/title/tt2701582/,TV Series,8.6,90,2012,"Crime, Drama, Mystery",33724,2012-07-01,
185,tt8080122,2022-05-10,2022-05-10,,"Godfather of Harlem","Godfather of Harlem",https://www.imdb.com/title/tt8080122/,TV Series,8.1,55,2019,"Crime, Drama",21203,2019-09-29,
186,tt4607112,2022-05-13,2022-05-13,,"Tin Star","Tin Star",https://www.imdb.com/title/tt4607112/,TV Series,7.2,60,2017,"Crime, Drama, Thriller",16035,2017-09-29,
187,tt7459986,2022-05-13,2022-05-13,,"The Widow","The Widow",https://www.imdb.com/title/tt7459986/,TV Series,6.9,60,2019,"Action, Drama, Mystery, Thriller",11256,2019-03-01,
188,tt8463714,2022-05-13,2022-05-13,,"The ABC Murders","The ABC Murders",https://www.imdb.com/title/tt8463714/,TV Mini Series,6.6,60,2018,"Crime, Drama, Mystery, Thriller",11758,2019-02-01,
189,tt7838252,2022-05-13,2022-05-13,,"K.G.F: Chapter 1","K.G.F: Chapter 1",https://www.imdb.com/title/tt7838252/,Movie,8.2,154,2018,"Action, Crime, Drama, Thriller",98988,2018-12-20,"Prashanth Neel"
190,tt1998372,2022-05-13,2022-05-13,,"Under the Banner of Heaven","Under the Banner of Heaven",https://www.imdb.com/title/tt1998372/,TV Mini Series,7.5,67,2022,"Crime, Drama, Mystery, Thriller",35295,2022-04-28,
191,tt11921588,2022-05-14,2022-05-14,,"The Kids in the Hall","The Kids in the Hall",https://www.imdb.com/title/tt11921588/,TV Series,8.1,25,2022,"Comedy",2197,2022-05-13,
192,tt19266944,2022-05-14,2022-05-14,,"The Unsolved Murder of Beverly Lynn Smith","The Unsolved Murder of Beverly Lynn Smith",https://www.imdb.com/title/tt19266944/,TV Mini Series,6.5,,2022,"Documentary, Crime, Mystery",700,2022-03-31,
193,tt13361448,2022-05-14,2022-05-14,,"Night Sky","Night Sky",https://www.imdb.com/title/tt13361448/,TV Series,7.3,55,2022,"Adventure, Drama, Fantasy, Mystery, Sci-Fi",23599,2022-05-20,
194,tt13833978,2022-05-15,2022-05-15,,"The Lincoln Lawyer","The Lincoln Lawyer",https://www.imdb.com/title/tt13833978/,TV Series,7.7,60,2022,"Crime, Drama, Mystery, Thriller",65510,2022-05-13,
195,tt19177348,2022-05-17,2022-05-17,,"A besúgó","A besúgó",https://www.imdb.com/title/tt19177348/,TV Series,8.0,43,2022,"Drama, Thriller",3668,2022-04-01,
196,tt2699128,2022-05-23,2022-05-23,,"The Leftovers","The Leftovers",https://www.imdb.com/title/tt2699128/,TV Series,8.3,60,2014,"Drama, Fantasy, Mystery, Thriller",113149,2014-06-29,
197,tt0475784,2022-05-23,2022-05-23,,"Westworld","Westworld",https://www.imdb.com/title/tt0475784/,TV Series,8.5,60,2016,"Drama, Mystery, Sci-Fi",535093,2016-10-02,
198,tt5197820,2022-05-26,2022-05-26,,"Van Helsing","Van Helsing",https://www.imdb.com/title/tt5197820/,TV Series,6.2,43,2016,"Action, Drama, Fantasy, Horror",24428,2016-09-23,
199,tt12762460,2022-05-26,2022-05-26,,"That Damn Michael Che","That Damn Michael Che",https://www.imdb.com/title/tt12762460/,TV Series,7.5,30,2021,"Comedy",1511,2021-05-06,
200,tt13650600,2022-05-27,2022-05-27,,"Emergency","Emergency",https://www.imdb.com/title/tt13650600/,Movie,6.2,105,2022,"Comedy, Drama, Thriller",9723,2022-05-27,"Carey Williams"
201,tt13649314,2022-05-31,2022-05-31,,"Irma Vep","Irma Vep",https://www.imdb.com/title/tt13649314/,TV Mini Series,6.8,54,2022,"Comedy, Drama",6542,2022-06-06,
202,tt11198330,2022-05-31,2022-05-31,,"House of the Dragon","House of the Dragon",https://www.imdb.com/title/tt11198330/,TV Series,8.4,50,2022,"Action, Adventure, Drama, Fantasy, Romance",384842,2022-08-21,
203,tt0052520,2022-06-02,2022-06-02,,"The Twilight Zone","The Twilight Zone",https://www.imdb.com/title/tt0052520/,TV Series,9.1,50,1959,"Drama, Fantasy, Horror, Mystery, Sci-Fi, Thriller",94122,1959-10-02,
204,tt0734683,2022-06-02,2022-06-02,,"The Twilight Zone: Time Enough at Last","The Twilight Zone: Time Enough at Last",https://www.imdb.com/title/tt0734683/,TV Episode,8.9,25,1959,"Drama, Fantasy, Horror, Mystery, Sci-Fi, Thriller",7861,1959-11-20,"John Brahm"
205,tt11761176,2022-06-08,2022-06-08,,"Power Book III: Raising Kanan","Power Book III: Raising Kanan",https://www.imdb.com/title/tt11761176/,TV Series,7.7,60,2021,"Crime, Drama",6472,2021-07-18,
206,tt4513678,2022-06-08,2022-06-08,,"Ghostbusters: Afterlife","Ghostbusters: Afterlife",https://www.imdb.com/title/tt4513678/,Movie,7.0,124,2021,"Adventure, Comedy, Fantasy, Sci-Fi",221568,2021-11-19,"Jason Reitman"
207,tt20560404,2022-06-08,2022-06-08,,"Keep Sweet: Pray and Obey","Keep Sweet: Pray and Obey",https://www.imdb.com/title/tt20560404/,TV Mini Series,7.3,49,2022,"Documentary, Crime",16246,2022-06-08,
208,tt3922798,2022-06-08,2022-06-08,,"The Siege of Jadotville","The Siege of Jadotville",https://www.imdb.com/title/tt3922798/,Movie,7.2,108,2016,"Action, Drama, History, Thriller, War",44611,2016-10-07,"Richie Smyth"
209,tt1726669,2022-06-08,2022-06-08,,"Killer Joe","Killer Joe",https://www.imdb.com/title/tt1726669/,Movie,6.7,102,2011,"Crime, Drama, Thriller",83590,2012-06-29,"William Friedkin"
210,tt0758794,2022-06-08,2022-06-08,,"We Are Marshall","We Are Marshall",https://www.imdb.com/title/tt0758794/,Movie,7.0,131,2006,"Drama, Sport",64950,2006-12-22,"McG"
211,tt20723672,2022-06-09,2022-06-09,,"Bill Burr Presents: Friends Who Kill","Bill Burr Presents: Friends Who Kill",https://www.imdb.com/title/tt20723672/,TV Special,4.6,73,2022,"Documentary, Comedy",2848,2022-06-06,"Ryan Polito"
212,tt6877772,2022-06-09,2022-06-09,,"American Vandal","American Vandal",https://www.imdb.com/title/tt6877772/,TV Series,8.1,34,2017,"Comedy, Crime, Drama, Mystery",33247,2017-09-15,
213,tt4733624,2022-06-14,2022-06-14,,"Fatherhood","Fatherhood",https://www.imdb.com/title/tt4733624/,Movie,6.6,109,2021,"Comedy, Drama",42900,2021-06-18,"Paul Weitz"
214,tt20602042,2022-06-15,2022-06-15,,"Web of Make Believe: Death, Lies and the Internet","Web of Make Believe: Death, Lies and the Internet",https://www.imdb.com/title/tt20602042/,TV Series,6.5,60,2022,"Documentary, Crime",2470,2022-06-15,
215,tt1751634,2022-06-25,2022-06-25,,"The Sandman","The Sandman",https://www.imdb.com/title/tt1751634/,TV Series,7.7,45,2022,"Drama, Fantasy, Horror, Mystery, Sci-Fi",173581,2022-08-05,
216,tt1745960,2022-06-25,2022-06-25,,"Top Gun: Maverick","Top Gun: Maverick",https://www.imdb.com/title/tt1745960/,Movie,8.2,130,2022,"Action, Drama",707829,2022-05-27,"Joseph Kosinski"
217,tt9179430,2022-06-25,2022-06-25,,"Vikram","Vikram",https://www.imdb.com/title/tt9179430/,Movie,8.3,175,2022,"Action, Crime, Drama, Thriller",74864,2022-06-03,"Lokesh Kanagaraj"
218,tt10919420,2022-06-25,2022-06-25,,"Squid Game","Ojing-eo geim",https://www.imdb.com/title/tt10919420/,TV Series,8.0,60,2021,"Action, Drama, Mystery, Thriller",548963,2021-09-17,
219,tt7767422,2022-06-25,2022-06-25,,"Sex Education","Sex Education",https://www.imdb.com/title/tt7767422/,TV Series,8.2,60,2019,"Comedy, Drama, Romance",354437,2019-01-11,
220,tt5180504,2022-06-25,2022-06-25,,"The Witcher","The Witcher",https://www.imdb.com/title/tt5180504/,TV Series,8.0,60,2019,"Action, Adventure, Drama, Fantasy, Mystery",573621,2019-12-20,
221,tt10293406,2022-06-25,2022-06-25,,"The Power of the Dog","The Power of the Dog",https://www.imdb.com/title/tt10293406/,Movie,6.8,126,2021,"Drama, Western",194729,2021-12-01,"Jane Campion"
222,tt1457767,2022-06-25,2022-06-25,,"The Conjuring","The Conjuring",https://www.imdb.com/title/tt1457767/,Movie,7.5,112,2013,"Horror, Mystery, Thriller",557895,2013-07-19,"James Wan"
223,tt7395114,2022-06-25,2022-06-25,,"The Devil All the Time","The Devil All the Time",https://www.imdb.com/title/tt7395114/,Movie,7.1,138,2020,"Crime, Drama, Thriller",153725,2020-09-10,"Antonio Campos"
224,tt9059350,2022-06-25,2022-06-25,,"Warrior Nun","Warrior Nun",https://www.imdb.com/title/tt9059350/,TV Series,7.0,,2020,"Action, Drama, Fantasy",55686,2020-07-02,
225,tt10696784,2022-06-25,2022-06-25,,"The Harder They Fall","The Harder They Fall",https://www.imdb.com/title/tt10696784/,Movie,6.6,139,2021,"Action, Drama, Western",71579,2021-11-03,"Jeymes Samuel"
226,tt10574236,2022-06-25,2022-06-25,,"Station Eleven","Station Eleven",https://www.imdb.com/title/tt10574236/,TV Mini Series,7.6,51,2021,"Adventure, Drama, Fantasy, Mystery, Sci-Fi, Thriller",35253,2021-12-16,
227,tt0804484,2022-06-25,2022-06-25,,"Foundation","Foundation",https://www.imdb.com/title/tt0804484/,TV Series,7.6,60,2021,"Drama, Sci-Fi",97581,2021-09-24,
228,tt10982034,2022-06-27,2022-06-27,,"Trying","Trying",https://www.imdb.com/title/tt10982034/,TV Series,8.0,30,2020,"Comedy, Drama, Romance",11784,2020-05-01,
229,tt11828492,2022-06-27,2022-06-27,,"Physical","Physical",https://www.imdb.com/title/tt11828492/,TV Series,7.3,30,2021,"Comedy, Drama",12915,2021-06-18,
230,tt10098498,2022-06-29,2022-06-29,,"The UnXplained","The UnXplained",https://www.imdb.com/title/tt10098498/,TV Series,7.2,,2019,"Documentary",1909,2019-07-19,
231,tt0884328,2022-06-29,2022-06-29,,"The Mist","The Mist",https://www.imdb.com/title/tt0884328/,Movie,7.1,126,2007,"Horror, Sci-Fi, Thriller",342291,2007-11-21,"Frank Darabont"
232,tt2937900,2022-06-29,2022-06-29,,"The Knick","The Knick",https://www.imdb.com/title/tt2937900/,TV Series,8.5,58,2014,"Drama, History",52717,2014-08-08,
233,tt2017109,2022-06-29,2022-06-29,,"Banshee","Banshee",https://www.imdb.com/title/tt2017109/,TV Series,8.4,60,2013,"Action, Crime, Drama, Mystery, Thriller",124527,2013-01-11,
234,tt8594276,2022-06-29,2022-06-29,,"Jett","Jett",https://www.imdb.com/title/tt8594276/,TV Series,7.4,60,2019,"Crime, Drama, Thriller",6248,2019-06-14,
235,tt9735318,2022-06-29,2022-06-29,,"The Beatles: Get Back","The Beatles: Get Back",https://www.imdb.com/title/tt9735318/,TV Mini Series,8.9,156,2021,"Documentary, Biography, Music",28455,2021-11-25,
236,tt2203939,2022-07-12,2022-07-12,,"The Other Woman","The Other Woman",https://www.imdb.com/title/tt2203939/,Movie,6.0,109,2014,"Comedy, Romance",150520,2014-04-25,"Nick Cassavetes"
237,tt21062540,2022-07-13,2022-07-13,,"How to Change Your Mind","How to Change Your Mind",https://www.imdb.com/title/tt21062540/,TV Mini Series,7.9,53,2022,"Documentary",3333,2022-07-12,
238,tt10661302,2022-07-18,2022-07-18,,"We Hunt Together","We Hunt Together",https://www.imdb.com/title/tt10661302/,TV Series,7.1,45,2020,"Crime, Drama, Thriller",2814,2020-08-09,
239,tt15017118,2022-07-18,2022-07-18,,"Dark Winds","Dark Winds",https://www.imdb.com/title/tt15017118/,TV Series,7.7,49,2022,"Crime, Drama, Mystery, Thriller",16504,2022-06-12,
240,tt7671070,2022-08-01,2022-08-01,,"Industry","Industry",https://www.imdb.com/title/tt7671070/,TV Series,7.2,50,2020,"Drama",12551,2020-11-09,
241,tt5363918,2022-08-06,2022-08-06,,"Disenchantment","Disenchantment",https://www.imdb.com/title/tt5363918/,TV Series,7.2,30,2018,"Animation, Action, Adventure, Comedy, Fantasy",73304,2018-08-17,
242,tt10802170,2022-08-12,2022-08-12,,"The Rehearsal","The Rehearsal",https://www.imdb.com/title/tt10802170/,TV Series,8.5,30,2022,"Documentary, Comedy",26293,2022-07-15,
243,tt13075042,2022-08-12,2022-08-12,,"Pretty Little Liars: Original Sin","Pretty Little Liars: Original Sin",https://www.imdb.com/title/tt13075042/,TV Series,7.0,,2022,"Drama, Horror, Mystery, Romance, Thriller",8565,2022-07-28,
244,tt7187044,2022-08-12,2022-08-12,,"City on a Hill","City on a Hill",https://www.imdb.com/title/tt7187044/,TV Series,7.6,60,2019,"Crime, Drama, Thriller",15615,2019-06-07,
245,tt13623580,2022-08-12,2022-08-12,,"Reservation Dogs","Reservation Dogs",https://www.imdb.com/title/tt13623580/,TV Series,8.3,30,2021,"Comedy, Crime",24525,2021-08-09,
246,tt8690918,2022-08-12,2022-08-12,,"Resident Alien","Resident Alien",https://www.imdb.com/title/tt8690918/,TV Series,8.1,44,2021,"Comedy, Drama, Mystery, Sci-Fi",63387,2021-01-27,
247,tt13623148,2022-08-12,2022-08-12,,"I Am Groot","I Am Groot",https://www.imdb.com/title/tt13623148/,TV Series,6.7,4,2022,"Animation, Short, Action, Adventure, Comedy, Fantasy, Sci-Fi",40003,2022-08-10,
248,tt8226360,2022-08-12,2022-08-12,,"A League of Their Own","A League of Their Own",https://www.imdb.com/title/tt8226360/,TV Series,7.6,60,2022,"Comedy, Drama, Sport",25035,2022-08-12,
249,tt3283594,2022-08-12,2022-08-12,,"Five Days at Memorial","Five Days at Memorial",https://www.imdb.com/title/tt3283594/,TV Mini Series,7.7,47,2022,"Biography, Drama",14586,2022-08-12,
250,tt15669534,2022-08-12,2022-08-12,,"Tales of the Walking Dead","Tales of the Walking Dead",https://www.imdb.com/title/tt15669534/,TV Series,5.9,44,2022,"Drama, Fantasy, Horror, Thriller",6401,2022-08-14,
251,tt1486217,2022-08-12,2022-08-12,,"Archer","Archer",https://www.imdb.com/title/tt1486217/,TV Series,8.6,22,2009,"Animation, Action, Comedy",166713,2009-09-17,
252,tt8722888,2022-08-12,2022-08-12,,"Stargirl","Stargirl",https://www.imdb.com/title/tt8722888/,TV Series,7.2,45,2020,"Action, Adventure, Crime, Drama, Fantasy, Sci-Fi",20711,2020-05-18,
253,tt14218830,2022-08-12,2022-08-12,,"Abbott Elementary","Abbott Elementary",https://www.imdb.com/title/tt14218830/,TV Series,8.2,22,2021,"Comedy",35740,2021-12-07,
254,tt15765450,2022-08-12,2022-08-12,,"The Calling","The Calling",https://www.imdb.com/title/tt15765450/,TV Series,7.1,46,2022,"Crime, Drama",3819,2022-11-10,
255,tt4236770,2022-08-12,2022-08-12,,"Yellowstone","Yellowstone",https://www.imdb.com/title/tt4236770/,TV Series,8.7,60,2018,"Drama, Western",224885,2018-06-20,
256,tt10986410,2022-08-12,2022-08-12,,"Ted Lasso","Ted Lasso",https://www.imdb.com/title/tt10986410/,TV Series,8.8,30,2020,"Comedy, Drama, Sport",353862,2020-08-14,
257,tt3960394,2022-08-12,2022-08-12,,"Interview with the Vampire","Interview with the Vampire",https://www.imdb.com/title/tt3960394/,TV Series,7.3,,2022,"Drama, Fantasy, Horror",24017,2022-10-02,
258,tt8425532,2022-08-12,2022-08-12,,"Pennyworth","Pennyworth",https://www.imdb.com/title/tt8425532/,TV Series,7.8,60,2019,"Action, Crime, Drama",18142,2019-07-28,
259,tt12785720,2022-08-12,2022-08-12,,"The Witcher: Blood Origin","The Witcher: Blood Origin",https://www.imdb.com/title/tt12785720/,TV Mini Series,4.9,50,2022,"Action, Adventure, Drama, Fantasy, Mystery",45095,2022-12-25,
260,tt5574490,2022-08-13,2022-08-13,,"Animal Kingdom","Animal Kingdom",https://www.imdb.com/title/tt5574490/,TV Series,8.2,60,2016,"Crime, Drama",43945,2016-06-14,
261,tt1655441,2022-08-13,2022-08-13,,"The Age of Adaline","The Age of Adaline",https://www.imdb.com/title/tt1655441/,Movie,7.2,112,2015,"Drama, Fantasy, Romance",204901,2015-04-24,"Lee Toland Krieger"
262,tt5645432,2022-08-13,2022-08-13,,"The Old Man","The Old Man",https://www.imdb.com/title/tt5645432/,TV Series,7.6,61,2022,"Action, Drama, Thriller",48964,2022-06-16,
263,tt11976532,2022-08-16,2022-08-16,,"Vengeance","Vengeance",https://www.imdb.com/title/tt11976532/,Movie,6.8,107,2022,"Comedy, Music, Mystery, Thriller",37414,2022-07-29,"B.J. Novak"
264,tt15514702,2022-08-25,2022-08-25,,"Archer: The Big Con","Archer: The Big Con",https://www.imdb.com/title/tt15514702/,TV Episode,7.5,24,2022,"Animation, Action, Comedy",667,2022-08-24,"Justin Wagner"
265,tt14674086,2022-08-25,2022-08-25,,"Welcome to Wrexham","Welcome to Wrexham",https://www.imdb.com/title/tt14674086/,TV Series,8.3,28,2022,"Documentary, Sport",20776,2022-08-24,
266,tt13223570,2022-08-26,2022-08-26,,"The First Lady","The First Lady",https://www.imdb.com/title/tt13223570/,TV Series,7.2,60,2022,"Biography, Drama, History",5787,2022-04-17,
267,tt14181914,2022-08-26,2022-08-26,,"Mike","Mike",https://www.imdb.com/title/tt14181914/,TV Mini Series,6.9,25,2022,"Biography, Drama, Sport",4930,2022-08-25,
268,tt14440068,2022-09-01,2022-09-01,,"This Fool","This Fool",https://www.imdb.com/title/tt14440068/,TV Series,7.7,24,2022,"Comedy",4157,2022-08-12,
269,tt5853176,2022-09-02,2022-09-02,,"The Good Fight","The Good Fight",https://www.imdb.com/title/tt5853176/,TV Series,8.3,45,2017,"Crime, Drama",32726,2017-02-19,
270,tt7649694,2022-09-02,2022-09-02,,"Ramy","Ramy",https://www.imdb.com/title/tt7649694/,TV Series,8.0,30,2019,"Comedy, Drama, Romance",16630,2019-04-19,
271,tt4257262,2022-09-08,2022-09-08,,"American Gigolo","American Gigolo",https://www.imdb.com/title/tt4257262/,TV Series,7.0,55,2022,"Crime, Drama, Mystery, Romance, Thriller",6696,2022-09-09,
272,tt1024648,2022-09-11,2022-09-11,,"Argo","Argo",https://www.imdb.com/title/tt1024648/,Movie,7.7,120,2012,"Biography, Drama, History, Thriller",640633,2012-10-12,"Ben Affleck"
273,tt0105695,2022-09-11,2022-09-11,,"Unforgiven","Unforgiven",https://www.imdb.com/title/tt0105695/,Movie,8.2,130,1992,"Drama, Western",437846,1992-08-07,"Clint Eastwood"
274,tt0099348,2022-09-11,2022-09-11,,"Dances with Wolves","Dances with Wolves",https://www.imdb.com/title/tt0099348/,Movie,8.0,181,1990,"Adventure, Drama, Western",292275,1990-11-21,"Kevin Costner"
275,tt0116209,2022-09-11,2022-09-11,,"The English Patient","The English Patient",https://www.imdb.com/title/tt0116209/,Movie,7.4,162,1996,"Drama, Romance, War",202198,1996-12-06,"Anthony Minghella"
276,tt0097239,2022-09-11,2022-09-11,,"Driving Miss Daisy","Driving Miss Daisy",https://www.imdb.com/title/tt0097239/,Movie,7.3,99,1989,"Comedy, Drama",117966,1990-01-26,"Bruce Beresford"
277,tt0093389,2022-09-11,2022-09-11,,"The Last Emperor","The Last Emperor",https://www.imdb.com/title/tt0093389/,Movie,7.7,163,1987,"Biography, Drama, History",111926,1988-04-15,"Bernardo Bertolucci"
278,tt0082158,2022-09-11,2022-09-11,,"Chariots of Fire","Chariots of Fire",https://www.imdb.com/title/tt0082158/,Movie,7.1,125,1981,"Biography, Drama, Sport",66138,1982-04-09,"Hugh Hudson"
279,tt0081283,2022-09-11,2022-09-11,,"Ordinary People","Ordinary People",https://www.imdb.com/title/tt0081283/,Movie,7.7,124,1980,"Drama",56926,1980-09-19,"Robert Redford"
280,tt0079417,2022-09-11,2022-09-11,,"Kramer vs. Kramer","Kramer vs. Kramer",https://www.imdb.com/title/tt0079417/,Movie,7.8,105,1979,"Drama",155280,1979-12-19,"Robert Benton"
281,tt0075686,2022-09-11,2022-09-11,,"Annie Hall","Annie Hall",https://www.imdb.com/title/tt0075686/,Movie,8.0,93,1977,"Comedy, Romance",279192,1977-04-20,"Woody Allen"
282,tt0067116,2022-09-11,2022-09-11,,"The French Connection","The French Connection",https://www.imdb.com/title/tt0067116/,Movie,7.7,104,1971,"Action, Crime, Drama, Thriller",136358,1971-10-09,"William Friedkin"
283,tt0061811,2022-09-11,2022-09-11,,"In the Heat of the Night","In the Heat of the Night",https://www.imdb.com/title/tt0061811/,Movie,7.9,110,1967,"Drama, Mystery, Thriller",83871,1967-08-02,"Norman Jewison"
284,tt21379574,2022-09-28,2022-09-28,,"Running with the Devil: The Wild World of John McAfee","Running with the Devil: The Wild World of John McAfee",https://www.imdb.com/title/tt21379574/,Movie,5.9,105,2022,"Documentary, Crime",3793,2022-08-24,"Charlie Russell"
285,tt0471042,2022-09-28,2022-09-28,,"Tower Heist","Tower Heist",https://www.imdb.com/title/tt0471042/,Movie,6.2,104,2011,"Action, Comedy, Crime",151453,2011-11-04,"Brett Ratner"
286,tt6184894,2022-09-28,2022-09-28,,"Bill Burr: Walk Your Way Out","Bill Burr: Walk Your Way Out",https://www.imdb.com/title/tt6184894/,TV Special,7.2,77,2017,"Comedy",8242,2017-01-31,"Jaime Eliezer Karas"
287,tt16348586,2022-09-28,2022-09-28,,"Attack on Pearl Harbor: Minute by Minute","Attack on Pearl Harbor - Minute by Minute",https://www.imdb.com/title/tt16348586/,TV Mini Series,7.5,,2021,"Documentary, History",389,2021-11-30,
288,tt8912936,2022-09-28,2022-09-28,,"DC League of Super-Pets","DC League of Super-Pets",https://www.imdb.com/title/tt8912936/,Movie,7.1,105,2022,"Animation, Action, Adventure, Comedy, Crime, Family, Fantasy, Sci-Fi",75959,2022-07-29,"Jared Stern, Sam J. Levine"
289,tt6294706,2022-10-20,2022-10-20,,"The Chi","The Chi",https://www.imdb.com/title/tt6294706/,TV Series,7.6,60,2018,"Drama",8125,2018-01-07,
290,tt22687772,2022-10-21,2022-10-21,,"The Fastest Woman on Earth","The Fastest Woman on Earth",https://www.imdb.com/title/tt22687772/,Movie,7.6,104,2022,"Documentary, Sport",502,2022-10-20,"Christopher Otwell, Graham Suorsa"
291,tt8415836,2022-10-25,2022-10-25,,"Guillermo del Toro's Cabinet of Curiosities","Guillermo del Toro's Cabinet of Curiosities",https://www.imdb.com/title/tt8415836/,TV Series,7.0,60,2022,"Drama, Horror, Mystery, Thriller",57061,2022-10-25,
292,tt4273800,2022-10-25,2022-10-25,,"The Good Nurse","The Good Nurse",https://www.imdb.com/title/tt4273800/,Movie,6.8,121,2022,"Biography, Crime, Drama, Mystery, Thriller",80243,2022-10-26,"Tobias Lindholm"
293,tt5181830,2022-10-25,2022-10-25,,"Wendell & Wild","Wendell & Wild",https://www.imdb.com/title/tt5181830/,Movie,6.4,105,2022,"Animation, Adventure, Comedy, Family, Fantasy, Horror, Mystery",12995,2022-10-28,"Henry Selick"
294,tt13406094,2022-10-25,2022-10-25,,"The White Lotus","The White Lotus",https://www.imdb.com/title/tt13406094/,TV Series,8.0,,2021,"Comedy, Drama",211607,2021-07-11,
295,tt1043813,2022-10-25,2022-10-25,,"Titans","Titans",https://www.imdb.com/title/tt1043813/,TV Series,7.5,45,2018,"Action, Adventure, Crime, Drama, Fantasy, Sci-Fi",113168,2018-10-12,
296,tt5194792,2022-10-26,2022-10-26,,"NOS4A2","NOS4A2",https://www.imdb.com/title/tt5194792/,TV Series,6.7,60,2019,"Drama, Fantasy, Horror, Mystery, Thriller",10270,2019-06-02,
297,tt2177461,2022-10-26,2022-10-26,,"A Discovery of Witches","A Discovery of Witches",https://www.imdb.com/title/tt2177461/,TV Series,7.8,,2018,"Drama, Fantasy, Romance",61266,2019-04-07,
298,tt8421350,2022-11-07,2022-11-07,,"Manifest","Manifest",https://www.imdb.com/title/tt8421350/,TV Series,7.0,43,2018,"Drama, Mystery, Sci-Fi, Thriller",92259,2018-09-24,
299,tt11527058,2022-11-27,2022-11-27,,"Fleishman Is in Trouble","Fleishman Is in Trouble",https://www.imdb.com/title/tt11527058/,TV Mini Series,7.7,48,2022,"Drama",16991,2022-11-17,
300,tt0092400,2022-12-28,2022-12-28,,"Married... with Children","Married with Children",https://www.imdb.com/title/tt0092400/,TV Series,8.1,22,1987,"Comedy",111514,1987-04-05,
301,tt11813216,2023-01-01,2023-01-01,,"The Banshees of Inisherin","The Banshees of Inisherin",https://www.imdb.com/title/tt11813216/,Movie,7.7,114,2022,"Comedy, Drama",255672,2022-11-04,"Martin McDonagh"
302,tt15438246,2023-01-01,2023-01-01,,"Kaleidoscope","Kaleidoscope",https://www.imdb.com/title/tt15438246/,TV Mini Series,6.6,41,2023,"Action, Crime, Drama, Thriller",44008,2023-01-01,
303,tt2297757,2023-03-13,2023-03-13,,"Nathan for You","Nathan for You",https://www.imdb.com/title/tt2297757/,TV Series,8.9,30,2013,"Documentary, Comedy",38924,2013-02-28,
304,tt1196946,2023-03-13,2023-03-13,,"The Mentalist","The Mentalist",https://www.imdb.com/title/tt1196946/,TV Series,8.2,43,2008,"Crime, Drama, Mystery, Thriller",201848,2008-09-23,
305,tt11041332,2023-03-20,2023-03-20,,"Yellowjackets","Yellowjackets",https://www.imdb.com/title/tt11041332/,TV Series,7.8,60,2021,"Drama, Horror, Mystery, Thriller",87144,2021-11-14,
306,tt12637874,2024-04-10,2024-04-10,,"Fallout","Fallout",https://www.imdb.com/title/tt12637874/,TV Series,8.4,60,2024,"Action, Adventure, Drama, Sci-Fi, War",201062,2024-04-10,
307,tt0032138,2024-06-05,2024-06-05,,"The Wizard of Oz","The Wizard of Oz",https://www.imdb.com/title/tt0032138/,Movie,8.1,102,1939,"Adventure, Family, Fantasy, Musical",430296,1939-08-25,"Victor Fleming, King Vidor"
